{"v":"5.6.10","fr":30,"ip":0,"op":80,"w":750,"h":420,"nm":"专场期2-1","ddd":0,"assets":[{"id":"image_0","w":121,"h":94,"u":"images/","p":"img_0.png","e":0},{"id":"image_1","w":750,"h":81,"u":"images/","p":"img_1.png","e":0},{"id":"image_2","w":278,"h":68,"u":"images/","p":"img_2.png","e":0},{"id":"image_3","w":679,"h":157,"u":"images/","p":"img_3.png","e":0},{"id":"image_4","w":150,"h":170,"u":"images/","p":"img_4.png","e":0},{"id":"image_5","w":93,"h":67,"u":"images/","p":"img_5.png","e":0},{"id":"image_6","w":322,"h":322,"u":"images/","p":"img_6.png","e":0},{"id":"image_7","w":696,"h":696,"u":"images/","p":"img_7.png","e":0},{"id":"image_8","w":15,"h":382,"u":"images/","p":"img_8.png","e":0},{"id":"image_9","w":750,"h":420,"u":"images/","p":"img_9.png","e":0},{"id":"comp_0","layers":[{"ddd":0,"ind":2,"ty":4,"nm":"滑光蒙板 2","td":1,"sr":1,"ks":{"o":{"a":0,"k":100,"ix":11},"r":{"a":0,"k":0,"ix":10},"p":{"a":0,"k":[375,208,0],"ix":2},"a":{"a":0,"k":[0,0,0],"ix":1},"s":{"a":0,"k":[100,100,100],"ix":6}},"ao":0,"shapes":[{"ty":"gr","it":[{"ind":0,"ty":"sh","ix":1,"ks":{"a":0,"k":{"i":[[0,0],[0,0],[0,0],[0,0]],"o":[[0,0],[0,0],[0,0],[0,0]],"v":[[142.246,-33.818],[-125.246,-33.818],[-133.746,33.818],[133.746,33.818]],"c":true},"ix":2},"nm":"Path 1","mn":"ADBE Vector Shape - Group","hd":false},{"ty":"fl","c":{"a":0,"k":[1,0,0,1],"ix":4},"o":{"a":0,"k":100,"ix":5},"r":1,"bm":0,"nm":"Fill 1","mn":"ADBE Vector Graphic - Fill","hd":false},{"ty":"tr","p":{"a":0,"k":[4.746,155.818],"ix":2},"a":{"a":0,"k":[0,0],"ix":1},"s":{"a":0,"k":[100,100],"ix":3},"r":{"a":0,"k":0,"ix":6},"o":{"a":0,"k":100,"ix":7},"sk":{"a":0,"k":0,"ix":4},"sa":{"a":0,"k":0,"ix":5},"nm":"Transform"}],"nm":"Rectangle 1","np":3,"cix":2,"bm":0,"ix":1,"mn":"ADBE Vector Group","hd":false}],"ip":0,"op":150.15015015015,"st":0,"bm":0},{"ddd":0,"ind":3,"ty":4,"nm":"滑光 2","tt":1,"sr":1,"ks":{"o":{"a":0,"k":59,"ix":11},"r":{"a":0,"k":8.345,"ix":10},"p":{"a":1,"k":[{"i":{"x":0.206,"y":1},"o":{"x":0.167,"y":0.167},"t":0,"s":[186,360.5,0],"e":[564,360.5,0],"to":[25.133,0,0],"ti":[-63,0,0]},{"t":38.038038038038}],"ix":2},"a":{"a":0,"k":[-54,156,0],"ix":1},"s":{"a":0,"k":[156.356,100,100],"ix":6}},"ao":0,"shapes":[{"ty":"gr","it":[{"ty":"rc","d":1,"s":{"a":0,"k":[28.303,122.949],"ix":2},"p":{"a":0,"k":[0,0],"ix":3},"r":{"a":0,"k":0,"ix":4},"nm":"Rectangle Path 1","mn":"ADBE Vector Shape - Rect","hd":false},{"ty":"fl","c":{"a":0,"k":[1,1,1,1],"ix":4},"o":{"a":0,"k":100,"ix":5},"r":1,"bm":0,"nm":"Fill 1","mn":"ADBE Vector Graphic - Fill","hd":false},{"ty":"tr","p":{"a":0,"k":[-53.849,156.475],"ix":2},"a":{"a":0,"k":[0,0],"ix":1},"s":{"a":0,"k":[100,100],"ix":3},"r":{"a":0,"k":0,"ix":6},"o":{"a":0,"k":100,"ix":7},"sk":{"a":0,"k":0,"ix":4},"sa":{"a":0,"k":0,"ix":5},"nm":"Transform"}],"nm":"Rectangle 1","np":3,"cix":2,"bm":0,"ix":1,"mn":"ADBE Vector Group","hd":false}],"ip":0,"op":150.15015015015,"st":0,"bm":0},{"ddd":0,"ind":4,"ty":4,"nm":"滑光蒙板","td":1,"sr":1,"ks":{"o":{"a":0,"k":100,"ix":11},"r":{"a":0,"k":0,"ix":10},"p":{"a":0,"k":[375,208,0],"ix":2},"a":{"a":0,"k":[0,0,0],"ix":1},"s":{"a":0,"k":[100,100,100],"ix":6}},"ao":0,"shapes":[{"ty":"gr","it":[{"ind":0,"ty":"sh","ix":1,"ks":{"a":0,"k":{"i":[[0,0],[0,0],[0,0],[0,0]],"o":[[0,0],[0,0],[0,0],[0,0]],"v":[[142.246,-33.818],[-125.246,-33.818],[-133.746,33.818],[133.746,33.818]],"c":true},"ix":2},"nm":"Path 1","mn":"ADBE Vector Shape - Group","hd":false},{"ty":"fl","c":{"a":0,"k":[1,0,0,1],"ix":4},"o":{"a":0,"k":100,"ix":5},"r":1,"bm":0,"nm":"Fill 1","mn":"ADBE Vector Graphic - Fill","hd":false},{"ty":"tr","p":{"a":0,"k":[4.746,155.818],"ix":2},"a":{"a":0,"k":[0,0],"ix":1},"s":{"a":0,"k":[100,100],"ix":3},"r":{"a":0,"k":0,"ix":6},"o":{"a":0,"k":100,"ix":7},"sk":{"a":0,"k":0,"ix":4},"sa":{"a":0,"k":0,"ix":5},"nm":"Transform"}],"nm":"Rectangle 1","np":3,"cix":2,"bm":0,"ix":1,"mn":"ADBE Vector Group","hd":false}],"ip":0,"op":150.15015015015,"st":0,"bm":0},{"ddd":0,"ind":5,"ty":4,"nm":"滑光","tt":1,"sr":1,"ks":{"o":{"a":0,"k":59,"ix":11},"r":{"a":0,"k":8.345,"ix":10},"p":{"a":1,"k":[{"i":{"x":0.206,"y":1},"o":{"x":0.167,"y":0.167},"t":3.003,"s":[208,360.5,0],"e":[534,360.5,0],"to":[25.133,0,0],"ti":[-54.333,0,0]},{"t":41.041041041041}],"ix":2},"a":{"a":0,"k":[-54,156,0],"ix":1},"s":{"a":0,"k":[56.688,100,100],"ix":6}},"ao":0,"shapes":[{"ty":"gr","it":[{"ty":"rc","d":1,"s":{"a":0,"k":[28.303,122.949],"ix":2},"p":{"a":0,"k":[0,0],"ix":3},"r":{"a":0,"k":0,"ix":4},"nm":"Rectangle Path 1","mn":"ADBE Vector Shape - Rect","hd":false},{"ty":"fl","c":{"a":0,"k":[1,1,1,1],"ix":4},"o":{"a":0,"k":100,"ix":5},"r":1,"bm":0,"nm":"Fill 1","mn":"ADBE Vector Graphic - Fill","hd":false},{"ty":"tr","p":{"a":0,"k":[-53.849,156.475],"ix":2},"a":{"a":0,"k":[0,0],"ix":1},"s":{"a":0,"k":[100,100],"ix":3},"r":{"a":0,"k":0,"ix":6},"o":{"a":0,"k":100,"ix":7},"sk":{"a":0,"k":0,"ix":4},"sa":{"a":0,"k":0,"ix":5},"nm":"Transform"}],"nm":"Rectangle 1","np":3,"cix":2,"bm":0,"ix":1,"mn":"ADBE Vector Group","hd":false}],"ip":0,"op":150.15015015015,"st":0,"bm":0},{"ddd":0,"ind":6,"ty":2,"nm":"按钮_1.png","cl":"png","refId":"image_2","sr":1,"ks":{"o":{"a":0,"k":100,"ix":11},"r":{"a":0,"k":0,"ix":10},"p":{"a":0,"k":[384,364,0],"ix":2},"a":{"a":0,"k":[139,34,0],"ix":1},"s":{"a":0,"k":[100,100,100],"ix":6}},"ao":0,"ip":0,"op":150.15015015015,"st":0,"bm":0}]},{"id":"comp_1","layers":[{"ddd":0,"ind":1,"ty":2,"nm":"小方块_1.png","cl":"png","refId":"image_6","sr":1,"ks":{"o":{"a":1,"k":[{"i":{"x":[0.657],"y":[1]},"o":{"x":[0.54],"y":[0]},"t":18,"s":[100],"e":[0]},{"t":37}],"ix":11},"r":{"a":0,"k":0,"ix":10},"p":{"a":0,"k":[375,375,0],"ix":2},"a":{"a":0,"k":[161,161,0],"ix":1},"s":{"a":1,"k":[{"i":{"x":[0.425,0.425,0.425],"y":[0.792,0.792,-23.478]},"o":{"x":[0.281,0.281,0.281],"y":[0.082,0.082,9.704]},"t":6,"s":[0,0,100],"e":[94.139,94.139,100]},{"i":{"x":[0.514,0.514,0.514],"y":[1,1,1]},"o":{"x":[0.208,0.208,0.208],"y":[0.345,0.345,15.462]},"t":18,"s":[94.139,94.139,100],"e":[130,130,100]},{"t":39}],"ix":6}},"ao":0,"ef":[{"ty":5,"nm":"Gradient Ramp","np":10,"mn":"ADBE Ramp","ix":1,"en":1,"ef":[{"ty":3,"nm":"Start of Ramp","mn":"ADBE Ramp-0001","ix":1,"v":{"a":0,"k":[161,0],"ix":1}},{"ty":2,"nm":"Start Color","mn":"ADBE Ramp-0002","ix":2,"v":{"a":0,"k":[1,1,1,1],"ix":2}},{"ty":3,"nm":"End of Ramp","mn":"ADBE Ramp-0003","ix":3,"v":{"a":0,"k":[161,322],"ix":3}},{"ty":2,"nm":"End Color","mn":"ADBE Ramp-0004","ix":4,"v":{"a":0,"k":[1,0.949019607843,0.58431372549,1],"ix":4}},{"ty":7,"nm":"Ramp Shape","mn":"ADBE Ramp-0005","ix":5,"v":{"a":0,"k":1,"ix":5}},{"ty":0,"nm":"Ramp Scatter","mn":"ADBE Ramp-0006","ix":6,"v":{"a":0,"k":0,"ix":6}},{"ty":0,"nm":"Blend With Original","mn":"ADBE Ramp-0007","ix":7,"v":{"a":0,"k":0,"ix":7}},{"ty":6,"nm":"","mn":"ADBE Ramp-0008","ix":8,"v":0}]}],"ip":6,"op":56.4,"st":6,"bm":0},{"ddd":0,"ind":2,"ty":2,"nm":"大方块_1.png","cl":"png","refId":"image_7","sr":1,"ks":{"o":{"a":1,"k":[{"i":{"x":[0.657],"y":[1]},"o":{"x":[0.54],"y":[0]},"t":13.2,"s":[100],"e":[0]},{"t":25}],"ix":11},"r":{"a":0,"k":0,"ix":10},"p":{"a":0,"k":[375,375,0],"ix":2},"a":{"a":0,"k":[348,348,0],"ix":1},"s":{"a":1,"k":[{"i":{"x":[0.201,0.201,0.201],"y":[1,1,1]},"o":{"x":[0.167,0.167,0.167],"y":[0.167,0.167,15.805]},"t":0,"s":[0,0,100],"e":[110,110,100]},{"t":30}],"ix":6}},"ao":0,"ef":[{"ty":5,"nm":"Gradient Ramp","np":10,"mn":"ADBE Ramp","ix":1,"en":1,"ef":[{"ty":3,"nm":"Start of Ramp","mn":"ADBE Ramp-0001","ix":1,"v":{"a":0,"k":[171.561,117.007],"ix":1}},{"ty":2,"nm":"Start Color","mn":"ADBE Ramp-0002","ix":2,"v":{"a":0,"k":[1,1,1,1],"ix":2}},{"ty":3,"nm":"End of Ramp","mn":"ADBE Ramp-0003","ix":3,"v":{"a":0,"k":[674.877,690.428],"ix":3}},{"ty":2,"nm":"End Color","mn":"ADBE Ramp-0004","ix":4,"v":{"a":0,"k":[1,0.949019607843,0.58431372549,1],"ix":4}},{"ty":7,"nm":"Ramp Shape","mn":"ADBE Ramp-0005","ix":5,"v":{"a":0,"k":1,"ix":5}},{"ty":0,"nm":"Ramp Scatter","mn":"ADBE Ramp-0006","ix":6,"v":{"a":0,"k":0,"ix":6}},{"ty":0,"nm":"Blend With Original","mn":"ADBE Ramp-0007","ix":7,"v":{"a":0,"k":0,"ix":7}},{"ty":6,"nm":"","mn":"ADBE Ramp-0008","ix":8,"v":0}]}],"ip":0,"op":50.4,"st":0,"bm":0}]},{"id":"comp_2","layers":[{"ddd":0,"ind":1,"ty":0,"nm":"Black Solid 29 Comp 1","refId":"comp_3","sr":1,"ks":{"o":{"a":1,"k":[{"i":{"x":[0.833],"y":[0.833]},"o":{"x":[0.167],"y":[0.167]},"t":16,"s":[100],"e":[0]},{"t":25}],"ix":11},"r":{"a":0,"k":0,"ix":10},"p":{"a":1,"k":[{"i":{"x":0.395,"y":1},"o":{"x":0.167,"y":0.167},"t":0,"s":[50,1189,0],"e":[50,446,0],"to":[0,-123.833,0],"ti":[0,123.833,0]},{"t":25}],"ix":2},"a":{"a":0,"k":[20,1000,0],"ix":1},"s":{"a":1,"k":[{"i":{"x":[0.395,0.395,0.395],"y":[1,1,1]},"o":{"x":[0.167,0.167,0.167],"y":[0.167,0.167,11.111]},"t":0,"s":[0,0,100],"e":[20,20,100]},{"i":{"x":[0.833,0.833,0.833],"y":[1,1,1]},"o":{"x":[0.167,0.167,0.167],"y":[0,0,0]},"t":5,"s":[20,20,100],"e":[20,20,100]},{"t":16}],"ix":6}},"ao":0,"ef":[{"ty":29,"nm":"Gaussian Blur","np":5,"mn":"ADBE Gaussian Blur 2","ix":1,"en":1,"ef":[{"ty":0,"nm":"Blurriness","mn":"ADBE Gaussian Blur 2-0001","ix":1,"v":{"a":0,"k":60,"ix":1}},{"ty":7,"nm":"Blur Dimensions","mn":"ADBE Gaussian Blur 2-0002","ix":2,"v":{"a":0,"k":1,"ix":2}},{"ty":7,"nm":"Repeat Edge Pixels","mn":"ADBE Gaussian Blur 2-0003","ix":3,"v":{"a":0,"k":0,"ix":3}}]}],"w":40,"h":1000,"ip":0,"op":150,"st":0,"bm":16}]},{"id":"comp_3","layers":[{"ddd":0,"ind":1,"ty":0,"nm":"Pre-comp 17","refId":"comp_4","sr":1,"ks":{"o":{"a":0,"k":100,"ix":11},"r":{"a":0,"k":0,"ix":10},"p":{"a":0,"k":[20,500,0],"ix":2},"a":{"a":0,"k":[15,500,0],"ix":1},"s":{"a":0,"k":[100,100,100],"ix":6}},"ao":0,"w":30,"h":1000,"ip":0,"op":150,"st":0,"bm":0}]},{"id":"comp_4","layers":[{"ddd":0,"ind":1,"ty":2,"nm":"放射线条_1_1_1_1_1.png","cl":"png","refId":"image_8","sr":1,"ks":{"o":{"a":0,"k":100,"ix":11},"r":{"a":0,"k":0,"ix":10},"p":{"a":0,"k":[15,556,0],"ix":2},"a":{"a":0,"k":[7.5,191,0],"ix":1},"s":{"a":0,"k":[204,204,100],"ix":6}},"ao":0,"ip":0,"op":150,"st":0,"bm":0}]}],"layers":[{"ddd":0,"ind":2,"ty":2,"nm":"小公仔_1_1.png","cl":"png","refId":"image_0","sr":1,"ks":{"o":{"a":0,"k":100,"ix":11},"r":{"a":0,"k":0,"ix":10},"p":{"a":1,"k":[{"i":{"x":0.355,"y":1},"o":{"x":0.645,"y":0},"t":0,"s":[675,352,0],"e":[679.5,342.5,0],"to":[0,0,0],"ti":[0,0,0]},{"i":{"x":0.355,"y":1},"o":{"x":0.645,"y":0},"t":39,"s":[679.5,342.5,0],"e":[675,352,0],"to":[0,0,0],"ti":[0,0,0]},{"t":77}],"ix":2},"a":{"a":0,"k":[60.5,47,0],"ix":1},"s":{"a":0,"k":[85,85,100],"ix":6}},"ao":0,"ip":0,"op":150.15015015015,"st":0,"bm":0},{"ddd":0,"ind":3,"ty":2,"nm":"挡板.png","cl":"png","refId":"image_1","sr":1,"ks":{"o":{"a":0,"k":100,"ix":11},"r":{"a":0,"k":0,"ix":10},"p":{"a":0,"k":[375,402,0],"ix":2},"a":{"a":0,"k":[375,40.5,0],"ix":1},"s":{"a":0,"k":[100,100,100],"ix":6}},"ao":0,"ip":0,"op":150,"st":0,"bm":0},{"ddd":0,"ind":4,"ty":0,"nm":"按钮 6","refId":"comp_0","sr":1,"ks":{"o":{"a":0,"k":100,"ix":11},"r":{"a":0,"k":0,"ix":10},"p":{"a":0,"k":[387,362.5,0],"ix":2},"a":{"a":0,"k":[383,364.5,0],"ix":1},"s":{"a":1,"k":[{"i":{"x":[0.667,0.667,0.667],"y":[1,1,1]},"o":{"x":[0.679,0.679,0.679],"y":[0,0,0]},"t":0,"s":[100,100,100],"e":[108,108,100]},{"i":{"x":[0.667,0.667,0.667],"y":[1,1,1]},"o":{"x":[0.333,0.333,0.333],"y":[0,0,0]},"t":18,"s":[108,108,100],"e":[98,98,100]},{"i":{"x":[0.577,0.577,0.577],"y":[1,1,1]},"o":{"x":[0.183,0.183,0.183],"y":[0,0,0]},"t":33,"s":[98,98,100],"e":[103,103,100]},{"i":{"x":[0.703,0.703,0.703],"y":[1,1,1]},"o":{"x":[0.343,0.343,0.343],"y":[0,0,0]},"t":47,"s":[103,103,100],"e":[100,100,100]},{"i":{"x":[0.577,0.577,0.577],"y":[1,1,1]},"o":{"x":[0.167,0.167,0.167],"y":[0,0,0]},"t":58,"s":[100,100,100],"e":[103,103,100]},{"i":{"x":[0.703,0.703,0.703],"y":[1,1,1]},"o":{"x":[0.167,0.167,0.167],"y":[0,0,0]},"t":69,"s":[103,103,100],"e":[100,100,100]},{"t":80}],"ix":6}},"ao":0,"w":750,"h":416,"ip":0,"op":150.15015015015,"st":0,"bm":0},{"ddd":0,"ind":5,"ty":2,"nm":"标题_1.png","cl":"png","refId":"image_3","sr":1,"ks":{"o":{"a":0,"k":100,"ix":11},"r":{"a":0,"k":0,"ix":10},"p":{"a":0,"k":[339,264,0],"ix":2},"a":{"a":0,"k":[339.5,78.5,0],"ix":1},"s":{"a":0,"k":[100,100,100],"ix":6}},"ao":0,"ip":0,"op":150,"st":0,"bm":0},{"ddd":0,"ind":6,"ty":2,"nm":"手_1.png","cl":"png","refId":"image_4","sr":1,"ks":{"o":{"a":0,"k":100,"ix":11},"r":{"a":0,"k":0,"ix":10},"p":{"a":1,"k":[{"i":{"x":0.667,"y":1},"o":{"x":0.333,"y":0},"t":0,"s":[90,336,0],"e":[80,327,0],"to":[-1.667,-1.5,0],"ti":[0,0,0]},{"i":{"x":0.667,"y":1},"o":{"x":0.333,"y":0},"t":37.2,"s":[80,327,0],"e":[90,336,0],"to":[0,0,0],"ti":[-1.667,-1.5,0]},{"t":76.7998046875}],"ix":2},"a":{"a":0,"k":[75,85,0],"ix":1},"s":{"a":0,"k":[100,100,100],"ix":6}},"ao":0,"ip":0,"op":150,"st":0,"bm":0},{"ddd":0,"ind":7,"ty":2,"nm":"金币飞_1.png","cl":"png","refId":"image_5","sr":1,"ks":{"o":{"a":0,"k":100,"ix":11},"r":{"a":0,"k":0,"ix":10},"p":{"a":1,"k":[{"i":{"x":0.833,"y":0.833},"o":{"x":0.167,"y":0.167},"t":0,"s":[736,246,0],"e":[727,251,0],"to":[-1.5,0.833,0],"ti":[0,0,0]},{"i":{"x":0.833,"y":0.833},"o":{"x":0.167,"y":0.167},"t":31.031,"s":[727,251,0],"e":[736,246,0],"to":[0,0,0],"ti":[-1.5,0.833,0]},{"t":60.0595703125}],"ix":2},"a":{"a":0,"k":[46.5,33.5,0],"ix":1},"s":{"a":0,"k":[100,100,100],"ix":6}},"ao":0,"ip":0,"op":150.15015015015,"st":0,"bm":0},{"ddd":0,"ind":9,"ty":0,"nm":"C-放射扩散 3","refId":"comp_1","sr":1,"ks":{"o":{"a":0,"k":19,"ix":11},"r":{"a":0,"k":0,"ix":10},"p":{"a":0,"k":[385,361,0],"ix":2},"a":{"a":0,"k":[375,375,0],"ix":1},"s":{"a":0,"k":[95,95,100],"ix":6}},"ao":0,"w":750,"h":750,"ip":16.8,"op":66.8,"st":16.8,"bm":0},{"ddd":0,"ind":10,"ty":0,"nm":"放射小线条","refId":"comp_2","sr":1,"ks":{"o":{"a":0,"k":50,"ix":11},"r":{"a":0,"k":75,"ix":10},"p":{"a":0,"k":[186,263,0],"ix":2},"a":{"a":0,"k":[50,1200,0],"ix":1},"s":{"a":0,"k":[31,31,100],"ix":6}},"ao":0,"w":100,"h":1200,"ip":23.4,"op":63.4,"st":23.4,"bm":0},{"ddd":0,"ind":11,"ty":0,"nm":"放射小线条","refId":"comp_2","sr":1,"ks":{"o":{"a":0,"k":50,"ix":11},"r":{"a":0,"k":165,"ix":10},"p":{"a":0,"k":[458.5,116,0],"ix":2},"a":{"a":0,"k":[50,1200,0],"ix":1},"s":{"a":0,"k":[31,31,100],"ix":6}},"ao":0,"w":100,"h":1200,"ip":35.4,"op":75.4,"st":35.4,"bm":0},{"ddd":0,"ind":12,"ty":0,"nm":"放射小线条","refId":"comp_2","sr":1,"ks":{"o":{"a":0,"k":50,"ix":11},"r":{"a":0,"k":-15,"ix":10},"p":{"a":0,"k":[306,566,0],"ix":2},"a":{"a":0,"k":[50,1200,0],"ix":1},"s":{"a":0,"k":[31,31,100],"ix":6}},"ao":0,"w":100,"h":1200,"ip":2.4,"op":42.4,"st":2.4,"bm":0},{"ddd":0,"ind":13,"ty":0,"nm":"放射小线条","refId":"comp_2","sr":1,"ks":{"o":{"a":0,"k":50,"ix":11},"r":{"a":0,"k":55,"ix":10},"p":{"a":0,"k":[454,277,0],"ix":2},"a":{"a":0,"k":[50,1200,0],"ix":1},"s":{"a":0,"k":[23,23,100],"ix":6}},"ao":0,"w":100,"h":1200,"ip":23.4,"op":63.4,"st":23.4,"bm":0},{"ddd":0,"ind":14,"ty":0,"nm":"放射小线条","refId":"comp_2","sr":1,"ks":{"o":{"a":0,"k":50,"ix":11},"r":{"a":0,"k":9,"ix":10},"p":{"a":0,"k":[384,364,0],"ix":2},"a":{"a":0,"k":[50,1200,0],"ix":1},"s":{"a":0,"k":[31,31,100],"ix":6}},"ao":0,"w":100,"h":1200,"ip":37.4,"op":77.4,"st":37.4,"bm":0},{"ddd":0,"ind":15,"ty":0,"nm":"放射小线条","refId":"comp_2","sr":1,"ks":{"o":{"a":0,"k":39,"ix":11},"r":{"a":0,"k":35,"ix":10},"p":{"a":0,"k":[375,331,0],"ix":2},"a":{"a":0,"k":[50,1200,0],"ix":1},"s":{"a":0,"k":[44,44,100],"ix":6}},"ao":0,"w":100,"h":1200,"ip":33.4,"op":73.4,"st":33.4,"bm":0},{"ddd":0,"ind":16,"ty":0,"nm":"放射小线条","refId":"comp_2","sr":1,"ks":{"o":{"a":0,"k":79,"ix":11},"r":{"a":0,"k":35,"ix":10},"p":{"a":0,"k":[375,331,0],"ix":2},"a":{"a":0,"k":[50,1200,0],"ix":1},"s":{"a":0,"k":[44,44,100],"ix":6}},"ao":0,"w":100,"h":1200,"ip":22.4,"op":62.4,"st":22.4,"bm":0},{"ddd":0,"ind":17,"ty":0,"nm":"放射小线条","refId":"comp_2","sr":1,"ks":{"o":{"a":0,"k":39,"ix":11},"r":{"a":0,"k":-64,"ix":10},"p":{"a":0,"k":[375,331,0],"ix":2},"a":{"a":0,"k":[50,1200,0],"ix":1},"s":{"a":0,"k":[44,44,100],"ix":6}},"ao":0,"w":100,"h":1200,"ip":33.4,"op":73.4,"st":33.4,"bm":0},{"ddd":0,"ind":18,"ty":0,"nm":"放射小线条","refId":"comp_2","sr":1,"ks":{"o":{"a":0,"k":79,"ix":11},"r":{"a":0,"k":-64,"ix":10},"p":{"a":0,"k":[375,331,0],"ix":2},"a":{"a":0,"k":[50,1200,0],"ix":1},"s":{"a":0,"k":[44,44,100],"ix":6}},"ao":0,"w":100,"h":1200,"ip":22.4,"op":62.4,"st":22.4,"bm":0},{"ddd":0,"ind":19,"ty":0,"nm":"放射小线条","refId":"comp_2","sr":1,"ks":{"o":{"a":0,"k":100,"ix":11},"r":{"a":0,"k":35,"ix":10},"p":{"a":0,"k":[375,331,0],"ix":2},"a":{"a":0,"k":[50,1200,0],"ix":1},"s":{"a":0,"k":[44,44,100],"ix":6}},"ao":0,"w":100,"h":1200,"ip":5.4,"op":45.4,"st":5.4,"bm":0},{"ddd":0,"ind":20,"ty":0,"nm":"放射小线条","refId":"comp_2","sr":1,"ks":{"o":{"a":0,"k":100,"ix":11},"r":{"a":0,"k":-64,"ix":10},"p":{"a":0,"k":[375,331,0],"ix":2},"a":{"a":0,"k":[50,1200,0],"ix":1},"s":{"a":0,"k":[44,44,100],"ix":6}},"ao":0,"w":100,"h":1200,"ip":5.4,"op":45.4,"st":5.4,"bm":0},{"ddd":0,"ind":21,"ty":2,"nm":"bg_1.png","cl":"png","refId":"image_9","sr":1,"ks":{"o":{"a":0,"k":100,"ix":11},"r":{"a":0,"k":0,"ix":10},"p":{"a":0,"k":[375,210,0],"ix":2},"a":{"a":0,"k":[375,210,0],"ix":1},"s":{"a":0,"k":[100,100,100],"ix":6}},"ao":0,"ip":0,"op":150,"st":0,"bm":0}],"markers":[]}